{"cameraMode":{"drawMode":0,"name":"Shaded","section":"Shading Mode"},"sceneLighting":false,"audioPlay":false,"sceneViewState":{"m_AlwaysRefresh":false,"showFog":true,"showSkybox":false,"showFlares":true,"showImageEffects":true,"showParticleSystems":true,"showVisualEffectGraphs":true,"m_FxEnabled":true},"in2DMode":false,"pivot":{"x":1.7984727621078492,"y":6.891275882720947,"z":-0.35484886169433596},"rotation":{"x":-0.0661221370100975,"y":0.024752207100391389,"z":0.0016423034248873592,"w":0.9975040555000305},"size":13.684514999389649,"orthographic":false}